algorithm,function,dim,max_eval,mean,std,min,max,avg_nearest_neighbor_distance_mean,dispersion_mean,avg_exploration_pct_mean,avg_distance_to_best_mean,intensification_ratio_mean,avg_exploitation_pct_mean,average_convergence_rate_mean,avg_improvement_mean,success_rate_mean,longest_no_improvement_streak_mean,last_improvement_fraction_mean
AdaptiveDifferentialCrossover,F102022,10,200000,2620.8726497489793,2.2737367544323206e-13,2620.8726497489793,2620.8726497489797,9.128767185959553,198.97953504544566,7.568260297057831,15.439425663331244,0.8367341897233201,92.43173970294217,0.9945452855927007,26.298832179589102,0.01801111797405806,2956.0,0.3651636812847437
AdaptiveDifferentialCrossover,F112022,10,200000,2600.0,3.2155493553843715e-13,2600.0,2600.0000000000005,7.617198699844595,210.19486562968783,6.7710351605717465,13.203608441271475,0.9009387351778656,93.22896483942826,0.994310753849436,124.98491431807926,0.03145151327980235,1521.2,0.17410747374922791
AdaptiveDifferentialCrossover,F12022,10,200000,300.0,0.0,300.0,300.0,15.832187173163351,198.49354912287455,11.88466852858269,26.83682216761391,0.7951581027667984,88.1153314714173,0.9932232878001219,3924087.094523841,0.01932056825200741,2489.4,0.3075231624459543
AdaptiveDifferentialCrossover,F122022,10,200000,2864.952877061442,0.8856031288361849,2864.0139862821907,2865.9100005573678,5.268783957409605,215.74973435173393,5.859931221286745,10.32080172244853,0.8629199604743082,94.14006877871324,0.9945567657869251,62.433201214525994,0.009610870907967882,798.2,0.021544163063619517
AdaptiveDifferentialCrossover,F22022,10,200000,405.96092992260486,2.697691085551355,403.98888879466483,408.9161019277813,8.877056574298951,214.1191173562676,9.64641835926317,19.228448756815915,0.5481966403162055,90.35358164073683,0.9943276192763204,268.9743849814131,0.0132674490426189,2103.8,0.22233477455219272
AdaptiveDifferentialCrossover,F32022,10,200000,600.0,0.0,600.0,600.0,5.271375625491511,214.9290801738282,4.010722631545891,7.493420787921171,0.9399209486166008,95.98927736845411,0.9954719567736081,0.017930726385938713,0.014255713403335393,5143.4,0.6353798641136504
AdaptiveDifferentialCrossover,F42022,10,200000,839.655554455826,4.520343634335021,836.2890154219235,846.5418349903242,78.37083265601908,189.09227850391088,74.46568329874142,161.89281936106687,0.00014822134387351777,25.534316701258568,0.9948525268769611,33.5698165064523,0.00118591723285979,5591.0,0.5161210623841878
AdaptiveDifferentialCrossover,F52022,10,200000,900.0,0.0,900.0,900.0,10.793958918422408,199.33997512277864,8.099791068468095,17.321375159214718,0.848937747035573,91.9002089315319,0.9951854429425326,0.20884260448840228,0.015663990117356395,2789.4,0.3445830759728227
AdaptiveDifferentialCrossover,F62022,10,200000,1811.373478085257,1.9965586677080895,1808.1925185167397,1813.7391046601438,34.409027017712376,203.9032474927805,36.242740450585714,85.79380077738546,0.35916501976284587,63.757259549414286,0.9926399481645539,431221699.5032862,0.006003705991352687,810.2,0.04328597899938234
AdaptiveDifferentialCrossover,F72022,10,200000,2017.3423915706862,3.613921614587063,2014.4033239943499,2023.023765171397,54.78735152603117,205.51173614051254,89.35762751549555,215.90464914872592,0.0004940711462450593,10.642372484504454,0.9943268888409668,912.3132392950422,0.00355775169857937,2422.4,0.19510809141445334
AdaptiveDifferentialCrossover,F82022,10,200000,2217.573124892811,3.9781934706064876,2214.2824210242957,2223.30017326288,54.56716734441294,201.57985762811418,82.9177942961456,191.65534222119285,0.0002964426877470356,17.082205703854406,0.9905371558828915,1.9988616679427023e+18,0.0033353922174181594,2635.2,0.0981099444101297
AdaptiveDifferentialCrossover,F92022,10,200000,2443.6377379203677,196.68407292000109,2300.0,2659.0943448092994,10.30606595559048,210.47526186391423,9.90159603977581,20.19277990097995,0.8061017786561265,90.09840396022419,0.9944132893146016,138.3249610845778,0.023520691785052502,713.6,0.06702903026559605
AdaptiveDifferentialEvolutionHarmonySearch,F102022,10,200000,2644.19981448943,50.04603543757211,2620.87268179572,2733.719532230065,12.60884623288178,250.32607943782187,17.71287452262265,24.814503505733185,0.70976127984002,82.28712547737734,0.9944724752331077,4.847801360887985,0.147,2474.4,0.1703
AdaptiveDifferentialEvolutionHarmonySearch,F112022,10,200000,2840.012177028986,134.17088581362387,2600.000000004486,2900.015221588531,17.966894878591308,293.1168298752937,83.53703288773522,387.57975493326336,0.5282339707536557,16.462967112264785,0.9942104559165547,671.4562551835155,0.023175,6202.0,0.77525
AdaptiveDifferentialEvolutionHarmonySearch,F12022,10,200000,300.0000406540777,8.763486347949944e-05,300.0,300.00019735308257,13.697568341695717,234.04661713612222,17.627925183879064,24.94867084267077,0.7065616797900263,82.37207481612093,0.9935349283297736,981572.6919077408,0.03862500000000001,6633.2,0.6624
AdaptiveDifferentialEvolutionHarmonySearch,F122022,10,200000,2866.3421723119977,19.59315453653525,2848.980016235413,2900.001029147184,26.10252471065712,272.73177633526234,52.47416720748156,1062.4244384492426,0.00012498437695288088,47.52583279251844,,66.87794670678542,0.017625,5631.6,0.9977499999999999
AdaptiveDifferentialEvolutionHarmonySearch,F22022,10,200000,401.5045336790745,2.6229175298645346,400.1819767423391,406.19222028586995,15.313560703764448,267.0578767881457,20.548510916508086,28.467314459571874,0.6175478065241845,79.45148908349191,0.9942840758388802,11.663023688910675,0.26865,309.6,0.034249999999999996
AdaptiveDifferentialEvolutionHarmonySearch,F32022,10,200000,600.0000000048983,1.0006832356563955e-08,600.0,600.0000000227506,13.005631240179401,262.3278552416009,18.442845287561955,25.900710040096527,0.7147606549181352,81.55715471243805,0.9954352306665049,0.017691113870868753,0.017499999999999998,7256.0,0.907
AdaptiveDifferentialEvolutionHarmonySearch,F42022,10,200000,822.4,4.560701700396553,816.0,828.0,18.429924204187184,231.7644472106499,22.050984341387625,36.33706655445371,0.6073490813648295,77.94901565861237,0.9947487784446312,8.140365946539946,0.008749999999999999,6539.4,0.69565
AdaptiveDifferentialEvolutionHarmonySearch,F52022,10,200000,900.0179056542516,0.040038249200185554,900.0,900.089528251781,13.11708578740452,234.90184447746992,16.43040181161798,23.0306611683027,0.7126609173853268,83.56959818838202,0.9950299065179934,0.12346464259687659,0.066525,5105.2,0.5490999999999999
AdaptiveDifferentialEvolutionHarmonySearch,F62022,10,200000,1801.5805785975813,1.6669926560089836,1800.387887463863,1804.4452444805877,17.995708320704903,259.141212327903,23.850380623232038,44.131091949515245,0.6624671916010498,76.14961937676796,0.9926188081049292,105973172.9233603,0.0167,4666.4,0.5833
AdaptiveDifferentialEvolutionHarmonySearch,F72022,10,200000,2019.916368584504,3.54465749496996,2013.7691814496293,2022.6497869146217,15.72434614213311,254.69450487347453,22.971237530022286,30.416074968781594,0.4848393950756155,77.0287624699777,0.9943092152298743,24.73244048210459,0.103725,3392.8,0.30285
AdaptiveDifferentialEvolutionHarmonySearch,F82022,10,200000,2224.7542076048912,2.1508808900294496,2222.5823275792545,2228.1638709847794,23.112725214879145,273.7244813162295,100.0,16148.041072509974,0.45349331333583304,0.0,0.990254613285803,2.8813271852511437e+17,0.0039,7226.8,0.90335
AdaptiveDifferentialEvolutionHarmonySearch,F92022,10,200000,2514.158428444104,119.71819865496583,2300.0000041750422,2567.69803451137,17.862451843581727,270.5474232814703,73.6256529164021,196.73302560493863,0.41104861892263467,26.3743470835979,0.9943989699255382,41.82785682264934,0.03205,4864.4,0.60805
AdaptiveDifferentialEvolutionOptimizer,F102022,10,200000,2620.9231303648253,0.034038205295117537,2620.8728860811316,2620.96410776298,5.261250249131938,210.13888101141907,7.888985147485657,16.752115732306557,0.908300395256917,92.11101485251433,0.9945428517369141,17.40498460944078,0.030463248919085854,324.8,0.010821494749845584
AdaptiveDifferentialEvolutionOptimizer,F112022,10,200000,2603.1615742414942,7.069494910535758,2600.000000000027,2615.8078711907315,6.478816038963234,211.1602141833529,12.144982688071572,21.108691436647224,0.7343626482213439,87.85501731192844,0.9941870920188445,237.36516414538892,0.039481161210623845,1236.4,0.0852378011117974
AdaptiveDifferentialEvolutionOptimizer,F12022,10,200000,300.0001597672689,0.0003570748775121161,300.0,300.00079852221825,9.170002191703968,206.988331926714,15.496728607039483,30.709428761108335,0.6012351778656126,84.50327139296051,0.9934503668073311,2404962.287320388,0.034268066707844345,575.8,0.04528721432983323
AdaptiveDifferentialEvolutionOptimizer,F122022,10,200000,2865.6363416293016,0.53581872964765,2864.707972312801,2865.958638315119,4.239774249166377,214.3570625147921,9.338335837511014,21.739142659044184,0.7506175889328063,90.66166416248899,0.9946501419557856,39.38795029851504,0.00874613959234095,1377.8,0.09677578752316245
AdaptiveDifferentialEvolutionOptimizer,F22022,10,200000,407.3458492682354,0.24626450981712036,407.0205512594017,407.63895269626767,5.190759235800976,211.69067360483103,21.42262927666451,51.01186095209139,0.423344861660079,78.57737072333549,0.994300412297482,165.7426748238492,0.02349598517603459,381.4,0.005806053119209388
AdaptiveDifferentialEvolutionOptimizer,F32022,10,200000,600.0,0.0,600.0,600.0,3.891694897552136,213.63788492740795,3.2913724440209706,5.495780916391466,0.962697628458498,96.70862755597904,0.9954887241223451,0.016375338383585576,0.013588634959851761,7023.2,0.8675972822730081
AdaptiveDifferentialEvolutionOptimizer,F42022,10,200000,814.7608745647196,3.507318340891141,810.1950687556592,820.0236216346229,11.384635741628747,211.93043452641277,49.21433381915695,120.65910897682002,0.07512351778656126,50.78566618084305,0.9948162850928848,12.64969306887997,0.004570722668313773,2007.0,0.17843113032736257
AdaptiveDifferentialEvolutionOptimizer,F52022,10,200000,900.0000009170105,1.3117426355032602e-06,900.0000000002773,900.0000031738837,5.697623736818561,208.6344682462689,6.169436261259291,11.949719007035132,0.8180088932806324,93.83056373874071,0.9951042377731689,0.08192741738759016,0.06784434836318716,409.8,0.04407659048795553
AdaptiveDifferentialEvolutionOptimizer,F62022,10,200000,7428.568491616083,3149.009400953323,3938.501669212547,11088.427992099347,9.925640341427641,214.81445072871838,44.48485161696956,107.02853529251531,0.15827569169960473,55.51514838303044,0.9926701867275769,250284173.67548284,0.008252007411982705,1326.6,0.05887584928968499
AdaptiveDifferentialEvolutionOptimizer,F72022,10,200000,2000.6478463997223,0.27229172535910734,2000.1908265950694,2000.8888326581039,11.555278048767448,203.39131253893558,60.80747170596203,149.69595365683463,0.06714426877470356,39.192528294037956,0.9942121214283743,692.4305049652979,0.015095738109944409,777.6,0.059814700432365656
AdaptiveDifferentialEvolutionOptimizer,F82022,10,200000,2203.3271817347286,1.4086088936442498,2202.2210293020394,2205.725751955632,12.63248940623119,210.1161849403407,61.17644428123244,151.06289219567984,0.07546936758893281,38.823555718767565,0.9903247475091483,5.3052900814716045e+17,0.007782581840642372,1353.8,0.0753551575046325
AdaptiveDifferentialEvolutionOptimizer,F92022,10,200000,2634.9661011249987,60.78010841909199,2526.255536261934,2663.0457487347994,6.800282045076777,207.84037177248052,19.040671524729213,45.27097731944474,0.2349802371541502,80.95932847527078,0.9943866777170658,246.46116525833563,0.008079061148857319,980.6,0.02394070413835701
AdaptiveDifferentialEvolutionPSO,F102022,10,200000,2643.3843177486083,49.79253275282743,2620.8726497489797,2732.4553971940322,2.9680615820332217,280.673988271051,2.000514470369908,3.286266827950736,0.9541859014348096,97.99948552963009,0.9944833063269621,33.4365791865561,0.014998752183678563,6045.4,0.7543548789618167
AdaptiveDifferentialEvolutionPSO,F112022,10,200000,3044.1721265652022,439.383442294902,2600.0,3479.266578641377,5.64289112829867,300.18434448050755,14.037248323387354,52.1927527516227,0.37804117280099814,85.96275167661265,0.994241837395402,1134.0159966575902,0.01115547791365111,5398.2,0.6420514100324433
AdaptiveDifferentialEvolutionPSO,F12022,10,200000,300.0,0.0,300.0,300.0,3.846974308474697,249.57569111875006,2.674836645594784,4.699188510815478,0.9528883343730505,97.32516335440522,0.9931834516635254,2513018.498799117,0.014873970551534815,5981.6,0.7463938108310456
AdaptiveDifferentialEvolutionPSO,F122022,10,200000,2867.012651300132,1.0674170959805909,2865.9006083171826,2868.632292802214,2.2432933816451692,294.2613116381803,3.0726531133102686,6.566777037810441,0.9110917030567686,96.92734688668972,0.9944495601602092,213.17385386480078,0.015148490142251062,3992.4,0.3768405290741203
AdaptiveDifferentialEvolutionPSO,F22022,10,200000,406.94997958777185,2.6922243050719143,403.99868466297926,408.9161019277816,2.418880313694003,292.9727118532597,2.130838453842135,2.817070802985066,0.7944354335620711,97.86916154615787,0.9942385374542931,211.76564140155224,0.05380583978038432,3039.4,0.3746942850012478
AdaptiveDifferentialEvolutionPSO,F32022,10,200000,600.0,0.0,600.0,600.0,2.237281065605674,282.9889560957794,1.5223252634191033,2.459023497983227,0.9729507174048658,98.4776747365809,0.9953912125018285,0.030385371094904145,0.011280259545794858,6610.4,0.8248565011230348
AdaptiveDifferentialEvolutionPSO,F42022,10,200000,833.2453910645643,9.00779102734687,824.3716329116417,847.9239072979465,10.647078184981194,271.01644399918996,8.665369368464429,18.054008710775022,0.7617966313162821,91.33463063153557,0.9947811213389193,20.025895343820594,0.0036685799850262038,4025.2,0.5022710257050162
AdaptiveDifferentialEvolutionPSO,F52022,10,200000,900.0,0.0,900.0,900.0,2.820322648810535,253.90509238308982,1.9231101033911977,3.222732464161139,0.9647910168434185,98.0768898966088,0.9950695554838088,0.3441706066584628,0.01360119790366858,5988.8,0.7472922385824807
AdaptiveDifferentialEvolutionPSO,F62022,10,200000,4918.816252436719,2427.1150675591152,2414.4980722755517,8182.715898169481,9.573840980033982,286.1830718657868,10.61769154284104,20.442224397599528,0.22612601372426697,89.38230845715896,0.9926081675308677,93783816.95720255,0.03798352882455703,398.6,0.002645370601447467
AdaptiveDifferentialEvolutionPSO,F72022,10,200000,2040.9842304163437,43.97100161049231,2020.246436413856,2119.6234111710487,9.28366638348783,283.1088250423205,14.655358933907735,31.392578454429678,0.4479600748596382,85.34464106609227,0.9942725793337484,507.69898986267845,0.009982530571499875,2262.0,0.16982780134764164
AdaptiveDifferentialEvolutionPSO,F82022,10,200000,2221.94306374446,0.7198627952009415,2220.6668800118464,2222.3363203961753,7.757623668821222,292.47196007333037,11.10161708453372,25.253568879404547,0.6671241422333125,88.89838291546627,0.9901839358232835,5.020286216439611e+18,0.004467182430746194,3531.8,0.23953082106313955
AdaptiveDifferentialEvolutionPSO,F92022,10,200000,2667.1357248274494,8.119697108407145,2659.0943447803597,2678.1252443440962,3.7298544065311967,290.4144395404643,5.295220421904401,9.2769110840832,0.7488708671241422,94.7047795780956,0.994394672943646,165.4688595435676,0.012153730970801097,4511.8,0.40062390816071874
AdaptiveDifferentialEvolutionPlus,F102022,10,200000,2615.443894289495,12.908249571278525,2592.3613138020983,2621.81329002824,12.859332682285366,227.50788810664864,47.89346409780825,108.23739300868002,0.14960629921259844,52.10653590219175,0.9944720123774339,67.98900964263206,0.0077,1218.2,0.0191
AdaptiveDifferentialEvolutionPlus,F112022,10,200000,2600.0000385201565,8.478351378313193e-05,2600.0000000000005,2600.0001901746605,7.362757355998264,256.59678736745184,44.793784921781345,127.42331255608914,0.44801899762529684,55.206215078218655,0.9943420021277596,93.8666079554147,0.023899999999999998,849.0,0.08555
AdaptiveDifferentialEvolutionPlus,F12022,10,200000,300.0000000000143,2.7961430274952526e-11,300.0,300.00000000006423,6.7909278643931685,227.1435493257939,24.50568675954305,47.613674391618794,0.4928883889513811,75.49431324045695,0.9931803927364777,2539462.521810161,0.030199999999999998,312.6,0.017325
AdaptiveDifferentialEvolutionPlus,F122022,10,200000,2866.684205106602,0.8845881988470209,2865.721819623755,2867.9610798360295,3.246790195865921,266.3247660322165,15.58768284562814,35.084927045523294,0.4232720909886264,84.41231715437186,0.9945134561093484,49.50133027447971,0.014100000000000001,805.6,0.054025000000000004
AdaptiveDifferentialEvolutionPlus,F22022,10,200000,405.1731537029491,1.9780532913288367,402.0773115787237,407.0777818593078,6.534807010426343,275.4891601610284,31.032201320982814,68.20219507391174,0.2887389076365454,68.96779867901719,0.9942281783503057,373.6679364336019,0.011425000000000001,599.8,0.036375000000000005
AdaptiveDifferentialEvolutionPlus,F32022,10,200000,600.0,0.0,600.0,600.0,1.2467607275193018,278.2110850363593,2.1422651998458577,2.9548631217966337,0.9673790776152981,97.85773480015413,0.9953779288464603,0.023885941483815114,0.014775,6045.4,0.755675
AdaptiveDifferentialEvolutionPlus,F42022,10,200000,822.9256179092896,5.450269852825038,813.8499918883591,827.4623726235851,13.084250546091898,233.08379903833853,52.94143844057569,124.38278085579687,0.09068866391701037,47.05856155942432,0.9947474658185756,24.066016601445874,0.00255,3451.6,0.343175
AdaptiveDifferentialEvolutionPlus,F52022,10,200000,900.0000842226531,0.0001015071844312726,900.0000017138206,900.0002458081908,9.32958089934497,243.25115382573458,33.01298371063899,63.758090344751224,0.22764654418197727,66.98701628936101,0.9950712882838462,0.42462350165626317,0.0103,646.0,0.041075
AdaptiveDifferentialEvolutionPlus,F62022,10,200000,3969.5156911309423,1402.7362661115267,2780.970566108268,5902.926597250648,4.847803712399659,270.6254420993593,42.67360559746235,102.6927340758732,0.07541557305336832,57.32639440253765,0.9925535235314109,361685619.61857593,0.008624999999999999,1674.2,0.09905
AdaptiveDifferentialEvolutionPlus,F72022,10,200000,2000.5260917502346,0.5394686437348789,2000.2048195998918,2001.4869402050585,8.014008794901851,255.72254278026716,53.31362139807395,126.96221088500332,0.049218847644044494,46.68637860192605,0.9942752231198465,248.1486125551024,0.013325,904.6,0.03622499999999999
AdaptiveDifferentialEvolutionPlus,F82022,10,200000,2205.804810395616,4.327033792934867,2202.9962640521258,2213.401509328892,10.451810563722242,249.32025644497963,57.41246798530291,138.29538853122705,0.032395950506186724,42.58753201469709,0.9901658368023698,2.073941297086587e+18,0.007475,1114.8,0.047325
AdaptiveDifferentialEvolutionPlus,F92022,10,200000,2600.0587205732263,147.99295326947657,2335.344686792586,2667.821446652412,8.147871862715485,280.951755175367,35.134563789276534,73.63192435503478,0.1340832395950506,64.86543621072346,0.9943964988423044,135.85254649638418,0.0078,1027.0,0.04285
AdaptiveDifferentialEvolutionWithAdaptivePerturbation,F102022,10,200000,2621.405281366081,0.6608354339992382,2620.9700284875644,2622.552849404004,24.342866521048883,285.60749536939085,17.662525799287423,24.458427253018243,0.5968911917098445,82.33747420071259,0.891522410777851,94.75161010312222,0.09922077922077922,48.8,0.030129870129870128
AdaptiveDifferentialEvolutionWithAdaptivePerturbation,F112022,10,200000,2600.413896750296,0.22727346710412377,2600.2653345149774,2600.817311956341,21.972029981037412,280.7741409469759,18.774734408281716,20.266972546492102,0.6186528497409326,81.22526559171828,0.8879706004778056,453.93997101377016,0.10857142857142857,50.0,0.08363636363636365
AdaptiveDifferentialEvolutionWithAdaptivePerturbation,F12022,10,200000,300.3465341963355,0.17659393813862875,300.1815369623932,300.63783636957675,43.76770404306953,266.5654724969137,33.968741343444876,55.37568736200295,0.4875647668393782,66.03125865655512,0.8728519556970886,9542011.827903543,0.0877922077922078,40.4,0.04831168831168831
AdaptiveDifferentialEvolutionWithAdaptivePerturbation,F122022,10,200000,2865.9166550234318,0.3513394141663979,2865.4356170099936,2866.4267564448282,13.686897666763173,302.01573229725466,12.763101080453284,12.399491010384464,0.8538860103626943,87.23689891954672,0.8909132218984446,164.9087711902346,0.08155844155844157,73.4,0.02805194805194805
AdaptiveDifferentialEvolutionWithAdaptivePerturbation,F22022,10,200000,405.7290075078137,1.8377271724727278,404.4463091189534,408.9204169575894,21.46520806128303,285.9764786649668,21.52108504273572,22.364415652956374,0.482901554404145,78.47891495726428,0.8862175550953157,1219.546332379776,0.09090909090909091,75.8,0.10961038961038963
AdaptiveDifferentialEvolutionWithAdaptivePerturbation,F32022,10,200000,600.0000058467951,2.0504409656768663e-06,600.000003514285,600.0000088802811,20.903299075504965,275.7747313643473,14.180440955378685,17.843113074398588,0.7989637305699482,85.81955904462131,0.9085950555762506,0.061809570331318474,0.10181818181818181,63.0,0.02805194805194805
AdaptiveDifferentialEvolutionWithAdaptivePerturbation,F42022,10,200000,858.851437235239,12.370029468223969,838.0,869.1963103478607,89.70720462791789,244.13492950152175,68.77776540709438,150.82537511594714,0.0025906735751295338,31.222234592905625,0.8972767919767118,52.92375588492124,0.016623376623376623,212.4,0.39584415584415583
AdaptiveDifferentialEvolutionWithAdaptivePerturbation,F52022,10,200000,900.0007069378,0.00041723922442943627,900.0002987733228,900.0012914809646,31.886047897295136,259.22883768742406,22.951197584090202,34.481042697829636,0.6435233160621762,77.0488024159098,0.9025109791954776,0.9344814706687318,0.08987012987012988,51.2,0.030129870129870128
AdaptiveDifferentialEvolutionWithAdaptivePerturbation,F62022,10,200000,28872.17990827164,11798.032116255938,10987.282718725482,41858.33391541013,53.46337232121063,285.11102939757046,60.35790002333097,96.1345637512811,0.0036269430051813476,39.64209997666903,0.8580678253784229,517592049.6459597,0.06441558441558441,72.8,0.040519480519480525
AdaptiveDifferentialEvolutionWithAdaptivePerturbation,F72022,10,200000,2052.419986777347,47.43938272244946,2023.4076150037995,2136.6466987674107,46.93437447797314,268.318745414818,56.44764534659545,101.2559574677588,0.018134715025906738,43.55235465340456,0.8859393348236775,2403.54094145745,0.04831168831168831,134.2,0.1761038961038961
AdaptiveDifferentialEvolutionWithAdaptivePerturbation,F82022,10,200000,2274.2382877267787,106.86337860213426,2223.7179274138875,2465.380262765992,52.04924066993713,285.61348838778065,65.55833356861145,145.4632973257021,0.010362694300518133,34.441666431388555,0.8237711771349527,9.90898717320363e+17,0.036883116883116886,169.2,0.32987012987012987
AdaptiveDifferentialEvolutionWithAdaptivePerturbation,F92022,10,200000,2659.422165769217,0.6231010853346876,2659.0966913385055,2660.5326795025135,26.71077913854062,296.8113454066346,30.24595330650007,32.132774837465284,0.29430051813471503,69.75404669349993,0.8881182831995874,498.2410490252946,0.0903896103896104,51.6,0.03532467532467533
AdaptiveDifferentialEvolutionWithDynamicPopulationV2,F102022,10,200000,2663.195601439381,15.366444423771789,2645.27680080368,2680.846830635547,107.69738444205896,141.81299025210515,100.0,315.6318265688867,0.00012498437695288088,0.0,0.9945085211298774,286.8795085556712,0.001675,3852.6,0.481575
AdaptiveDifferentialEvolutionWithDynamicPopulationV2,F112022,10,200000,2663.9450088398016,14.262346234996558,2645.7482272205907,2682.234276711634,45.10528203081704,183.85250057068703,76.99090514128939,330.9082150400569,0.00012498437695288088,23.00909485871062,0.9941725933942382,7223.51009753717,0.002075,3701.8,0.2805
AdaptiveDifferentialEvolutionWithDynamicPopulationV2,F12022,10,200000,10132.989576768454,1356.5956906278404,9218.547315750408,12442.264445427532,106.60165157013012,156.56194564915535,100.0,306.3518425371018,0.00012498437695288088,0.0,0.9936408946021403,22286006.178854458,0.0010500000000000002,3962.2,0.300125
AdaptiveDifferentialEvolutionWithDynamicPopulationV2,F122022,10,200000,2868.7704301098374,0.28111242115119023,2868.4077888608645,2869.0723238189644,46.14429645854385,189.04821434928652,89.46843377686416,181.24391800160282,0.002199725034370704,10.53156622313584,0.9945338616825717,190.772960151523,0.002,3816.0,0.349775
AdaptiveDifferentialEvolutionWithDynamicPopulationV2,F22022,10,200000,452.1144575183479,10.475077260064818,444.33560775595527,465.138299510534,76.41049392763394,182.7932195661048,97.73818585453824,199.46062262714378,0.00012498437695288088,2.2618141454617584,0.9943197778023114,1112.0777835989038,0.0019,3848.2,0.4163
AdaptiveDifferentialEvolutionWithDynamicPopulationV2,F32022,10,200000,600.000000185806,2.928418918921909e-07,600.0000000089059,600.000000702566,69.69350259049318,183.81288521321608,73.06521508879293,132.06438546382037,0.11641044869391326,26.93478491120708,0.9954165519132234,0.03340543355272999,0.008324999999999999,6114.2,0.7642749999999999
AdaptiveDifferentialEvolutionWithDynamicPopulationV2,F42022,10,200000,877.4005040538207,20.022688545072516,850.1924894028311,893.6737446496137,108.15313975549768,147.81919717876104,100.0,263.6140054611199,0.0001249812531244142,0.0,0.994807756159463,45.85590674463871,0.000999981252343457,4967.0,0.5055813117110362
AdaptiveDifferentialEvolutionWithDynamicPopulationV2,F52022,10,200000,902.0760202214271,0.7403726316953942,900.8314910917011,902.74462846378,110.82557259012022,145.15285496970094,100.0,269.46487841479603,0.00012498437695288088,0.0,0.9950669951155122,2.756218360621655,0.0017000000000000001,3655.4,0.33609999999999995
AdaptiveDifferentialEvolutionWithDynamicPopulationV2,F62022,10,200000,91912.12296715772,35775.9335093112,61388.10834292009,150214.19406303426,82.25271957732365,183.4883486113433,100.0,263.7488818751984,0.00024996563007729513,0.0,0.9926357155306211,708438240.5799129,0.002074946881639795,6407.0,0.800852749656293
AdaptiveDifferentialEvolutionWithDynamicPopulationV2,F72022,10,200000,2032.9466963381124,5.36573825979642,2026.1945349951573,2040.475886216077,92.24584389435798,170.0913376291216,100.0,290.0198760199596,0.00014998125234345704,0.0,0.9942769158780026,1459.1435577046846,0.00195,6491.6,0.81145
AdaptiveDifferentialEvolutionWithDynamicPopulationV2,F82022,10,200000,2314.802608101909,67.05644658609482,2255.4227111907217,2411.3383206330236,96.57359491082181,175.88598233458654,100.0,325.4344842422912,0.00014998125234345704,0.0,0.9906855080565096,4.865876487247013e+17,0.00215,5476.4,0.5240750000000001
AdaptiveDifferentialEvolutionWithDynamicPopulationV2,F92022,10,200000,2710.9588720025927,5.341530927817583,2704.8967174724903,2718.73152892497,79.23295979631227,183.500922051317,100.0,300.638456017462,0.000974878140232471,0.0,0.9943829352154678,862.3504027055855,0.00135,3543.6,0.357375
AdaptiveDifferentialEvolutionWithGradientBoost,F102022,10,200000,2624.5015799312905,4.328810338427418,2621.1220579261535,2630.7825462801698,12.40247119206857,308.16931784230235,8.118928474324665,7.313459258973959,0.8861618798955615,91.88107152567534,0.891418646331581,55.82324739585097,0.15706806282722513,32.8,0.016230366492146597
AdaptiveDifferentialEvolutionWithGradientBoost,F112022,10,200000,2950.842750515252,480.41033858470826,2600.0005589864836,3477.2869534987167,9.879512678769487,333.4218861688009,7.043080933436118,3.3557306440307473,0.895481880087296,92.95691906656387,0.8850105832312739,948.1599509469868,0.15766402481757844,41.8,0.050129623235904405
AdaptiveDifferentialEvolutionWithGradientBoost,F12022,10,200000,300.00000575646015,2.6850436562110007e-06,300.0000027742842,300.0000081051403,15.47645829292872,289.6990309346812,11.383679352099522,12.071555085784656,0.8579634464751958,88.61632064790048,0.8769423196296658,607931.5477478204,0.16806282722513088,23.4,0.016230366492146597
AdaptiveDifferentialEvolutionWithGradientBoost,F122022,10,200000,2869.0197496694323,2.006847370591679,2866.974050186055,2871.7935885306656,9.1975256882987,356.43646303632966,6.313047259538364,2.308026301214351,0.8971576909012617,93.68695274046163,0.8897661976834966,114.09018530436815,0.12933484643141602,48.2,0.042424867048686976
AdaptiveDifferentialEvolutionWithGradientBoost,F22022,10,200000,405.98827067821514,2.6730328680973834,403.99056525941535,408.9161019795465,12.45225576462364,332.1531003980477,14.271587878279146,7.397535099900276,0.4736383846185392,85.72841212172085,0.8869323621491375,348.47108688727036,0.15028278738270234,33.4,0.02096027263607756
AdaptiveDifferentialEvolutionWithGradientBoost,F32022,10,200000,600.0000000000779,1.9239964886000988e-11,600.0000000000497,600.0000000001023,10.941669176561204,308.09781707545943,4.651509992433323,3.5447994549626722,0.9336758303942878,95.34849000756667,0.9075925867821031,0.03796472282156871,0.18954029151069524,26.2,0.008912891124211567
AdaptiveDifferentialEvolutionWithGradientBoost,F42022,10,200000,862.3577987487133,13.943173235852164,848.903921952503,883.7499276853919,64.89690861787808,281.8581981328275,53.67859045833264,119.04429798525287,0.003655352480417754,46.32140954166735,0.8963837274216452,54.68649289417452,0.019371727748691097,167.8,0.24973821989528794
AdaptiveDifferentialEvolutionWithGradientBoost,F52022,10,200000,900.1817296112191,0.40635975837739424,900.0000000012051,900.9086480456608,13.88611327366876,292.58525538387414,7.920714636555874,9.267751472789284,0.8914054276653042,92.07928536344413,0.9018191621422309,0.6444012925235706,0.15969315811792442,24.6,0.013093127756936144
AdaptiveDifferentialEvolutionWithGradientBoost,F62022,10,200000,1907.303299166741,90.04508453603485,1811.7645519023579,2023.413382481144,22.587806771143544,323.0330882847585,45.00840935968107,29.27274176264757,0.2746736292428199,54.99159064031893,0.855903311063083,391811382.40395004,0.112565445026178,37.2,0.019895287958115182
AdaptiveDifferentialEvolutionWithGradientBoost,F72022,10,200000,2021.0835183054053,12.375558189382554,2001.0093877852642,2034.1992442526712,29.709655739901688,316.06805455453105,34.281059262951544,61.84767985649372,0.3785887184508268,65.71894073704846,0.8860932921256337,1414.5320866175894,0.07484997197654232,103.0,0.14078575041351687
AdaptiveDifferentialEvolutionWithGradientBoost,F82022,10,200000,1375478287424508.5,1905890629363426.0,5140.71804669916,3851080533256996.5,55.03380851303007,309.88116504043137,97.87294098450786,277.8608360306903,0.0026123330553770863,2.1270590154921423,0.8830807225342637,2.697375411663616e+19,0.006811779417625152,317.6,0.7025971884404502
AdaptiveDifferentialEvolutionWithGradientBoost,F92022,10,200000,2659.0943531786784,7.051361422829626e-06,2659.094346214729,2659.0943607110607,12.288856591710505,339.91711695052544,23.00246521065908,7.846047237667075,0.6417754569190601,76.99753478934092,0.8887419738058858,164.9060266604991,0.1780104712041885,22.2,0.016230366492146597
AdaptiveDifferentialEvolutionWithLocalSearch,F102022,10,200000,2636.5016402773304,1.1278812939944558,2635.412057270916,2638.212742556765,16.96778607413533,291.0879456822667,72.65477470056751,117.52908490323948,0.02005420054200542,27.345225299432485,0.8864962646819563,42.48371221935446,0.26141304347826083,10.4,0.003260869565217391
AdaptiveDifferentialEvolutionWithLocalSearch,F112022,10,200000,2619.023324926515,3.0705859387751735,2614.554488493169,2622.746381192926,20.096162645272578,285.23733310182536,59.54209934962461,88.77637115369413,0.010298102981029811,40.457900650375386,0.8817220943807202,643.0518909097386,0.2625,6.2,0.006521739130434782
AdaptiveDifferentialEvolutionWithLocalSearch,F12022,10,200000,457.60765983324455,43.72932537487776,395.886660033141,514.7468306695524,18.4004169182354,269.27059769629386,58.15979787616824,97.93404539669311,0.05149051490514904,41.84020212383176,0.8639843607840373,6280196.767731701,0.23478260869565215,31.4,0.0038043478260869567
AdaptiveDifferentialEvolutionWithLocalSearch,F122022,10,200000,2867.2758951083315,0.5633416760620366,2866.4099426758758,2867.8395376361696,20.969308802063658,295.98173856112766,50.79544578048794,70.53582460990208,0.1084010840108401,49.20455421951206,0.884855254888343,79.1464874469009,0.27445652173913043,3.2,0.005978260869565218
AdaptiveDifferentialEvolutionWithLocalSearch,F22022,10,200000,424.12700610015116,4.6683491961604515,417.8148777532993,428.81560181397947,22.39617901676261,283.45630337605616,55.13974269899283,96.66011318679614,0.023848238482384827,44.86025730100717,0.8812908739520738,400.53460212234523,0.26684782608695656,3.0,0.0048913043478260865
AdaptiveDifferentialEvolutionWithLocalSearch,F32022,10,200000,600.0101808384532,0.001649528794470394,600.0088922629919,600.0128003213538,24.247394202946747,304.5719887565191,45.526353960334944,78.10573908507381,0.017344173441734417,54.47364603966505,0.9056473403443333,0.01735945318716605,0.2532608695652174,17.6,0.008152173913043478
AdaptiveDifferentialEvolutionWithLocalSearch,F42022,10,200000,884.8214511483632,11.518474013972096,874.3982347647157,902.6127084116988,13.379607462716615,270.7627236048459,76.56060173096712,152.94569252227262,0.08184281842818428,23.439398269032885,0.8933232941005109,3.8946832769983457,0.18532608695652175,81.6,0.043478260869565216
AdaptiveDifferentialEvolutionWithLocalSearch,F52022,10,200000,901.0390058065386,0.25512156596121843,900.7532300031385,901.4423612194405,16.210211836468915,270.97307049893533,70.65327458526606,132.48227928142114,0.058536585365853655,29.346725414733935,0.8983053865203775,0.3467814416923155,0.2576086956521739,3.0,0.005434782608695652
AdaptiveDifferentialEvolutionWithLocalSearch,F62022,10,200000,52292.38389360553,16354.353019475278,32060.350828976436,77659.06177560636,33.93721116270928,279.06022187111415,98.95705062077812,191.90764357515144,0.018970189701897018,1.0429493792218865,0.8507767226691133,1108844653.097182,0.04456521739130435,92.4,0.07228260869565217
AdaptiveDifferentialEvolutionWithLocalSearch,F72022,10,200000,2070.079817017283,15.426945924971035,2051.1390352338494,2090.530286193485,15.340818686149555,279.9775900812599,91.51377777502236,182.8837988319597,0.028726287262872623,8.486222224977633,0.8825471058389344,1864.565312705569,0.044021739130434785,95.6,0.10923913043478259
AdaptiveDifferentialEvolutionWithLocalSearch,F82022,10,200000,2237.5346920663833,6.078430760274706,2232.254706191163,2244.793969342342,29.43914080879681,269.83130007396227,95.74896808926498,181.4583829041364,0.04119241192411924,4.251031910735028,0.8141375823281907,2.0332256723776914e+18,0.04021739130434783,140.0,0.15869565217391304
AdaptiveDifferentialEvolutionWithLocalSearch,F92022,10,200000,2647.5180189188154,30.770471287906627,2607.278235551948,2670.34920365775,15.516307158387647,302.79400708602566,67.6987111181672,106.44725957722633,0.04065040650406504,32.301288881832804,0.8848761251514954,114.42657851205585,0.2657608695652174,3.0,0.003260869565217391
AdaptiveDifferentialEvolutionWithMemeticSearch,F102022,10,200000,2700.462130814185,93.99178127041817,2627.138931850903,2828.7864772019493,2.653504061792728,293.4506217275839,3.18359414757976,1.6370071992588098,0.9276041666666666,96.81640585242023,0.9625064931579079,18.195142147981066,0.19617723718505647,396.2,0.26950477845351867
AdaptiveDifferentialEvolutionWithMemeticSearch,F112022,10,200000,2912.041927580826,452.0671378714221,2600.00084542596,3686.840762567742,2.2823960073354193,292.44933518630194,4.02425687243165,1.7270677328889001,0.9027777777777777,95.97574312756835,0.9604558094724341,193.88192151422646,0.2370112945264987,526.6,0.19808861859252822
AdaptiveDifferentialEvolutionWithMemeticSearch,F12022,10,200000,300.000000000004,8.088960311600719e-13,300.0000000000027,300.00000000000455,3.0088083280492866,283.42937584924164,6.087573947122946,1.9115941009053692,0.8717013888888889,93.91242605287705,0.9574625198173194,34029.67341750001,0.16715899218071242,387.8,0.27923544743701123
AdaptiveDifferentialEvolutionWithMemeticSearch,F122022,10,200000,2945.047056962968,48.03915273221062,2879.0706604983866,3001.224167329109,2.7664448010889315,294.83376878793536,3.4420529921258933,1.5216503187372827,0.8911458333333334,96.5579470078741,0.9618543200531512,57.111885853858624,0.13483927019982622,517.4,0.44952215464813206
AdaptiveDifferentialEvolutionWithMemeticSearch,F22022,10,200000,407.1480230892891,3.953544486920926,400.07570770942937,408.9161019375892,2.591900049609179,293.1074147580222,8.80873019812159,1.5863538249214066,0.7517361111111112,91.1912698018784,0.9602348976056838,101.40681224129568,0.5652476107732406,228.0,0.0
AdaptiveDifferentialEvolutionWithMemeticSearch,F32022,10,200000,600.0000003977545,1.0169285709850057e-07,600.0000003150521,600.0000005622147,2.759140863202422,296.4848573033121,4.879187170910285,1.589919268735996,0.8932291666666666,95.12081282908972,0.9685136924330283,0.009091415536571213,0.3066898349261512,395.2,0.11885317115551694
AdaptiveDifferentialEvolutionWithMemeticSearch,F42022,10,200000,941.0000000000127,29.263885592991844,912.0000000000116,985.0000000000019,2.3999495599047314,300.28246208983995,1.2855958329771562,1.6090851248343774,0.9921875,98.71440416702285,0.9644967216385423,9.721458274054049,0.02519548218940052,492.4,0.2896611642050391
AdaptiveDifferentialEvolutionWithMemeticSearch,F52022,10,200000,902.8248130908078,1.6704067248886005,901.0877117691713,904.8262946658461,2.7740900051790947,300.10220156991426,1.960143386378483,1.7966387703663051,0.959201388888889,98.03985661362152,0.9663699579115612,0.07489365108032957,0.36646394439617724,436.8,0.0
AdaptiveDifferentialEvolutionWithMemeticSearch,F62022,10,200000,39367.43106741541,14585.073762722135,20805.004085855675,56503.54665551326,2.285899733756151,297.75203117362344,7.05143806742974,29.389030551705154,0.6920138888888889,92.94856193257026,0.9496416767117924,632945289.4867848,0.023457862728062558,665.0,0.5157254561251086
AdaptiveDifferentialEvolutionWithMemeticSearch,F72022,10,200000,2409.9378461001133,299.73385410383435,2122.2260757991926,2866.2683668480936,2.7116681322003746,294.4590753618998,1.7407823429581128,2.37356174547835,0.9921875,98.25921765704189,0.96053912337103,774.881897345,0.04847958297132928,413.0,0.3197219808861859
AdaptiveDifferentialEvolutionWithMemeticSearch,F82022,10,200000,2738.4087769759926,134.65826152086802,2537.816865392713,2837.3289724690812,2.4094728559146428,292.35778484973184,3.760434702521593,2.0382196676550577,0.7217013888888889,96.2395652974784,0.9334192881637551,1.4038459325238648e+17,0.1890529973935708,352.2,0.305994787141616
AdaptiveDifferentialEvolutionWithMemeticSearch,F92022,10,200000,2587.284630054984,160.5949384977107,2300.003672442938,2659.136407717947,2.5961235959241735,289.0447547711878,10.565753241628808,1.6081360031635188,0.6442708333333333,89.43424675837119,0.961566153000921,21.94185815150569,0.5916594265855778,162.2,0.05942658557775847
