algorithm,function,dim,max_eval,run_id,best_fitness,execution_time,evaluations_used,avg_nearest_neighbor_distance,dispersion,avg_exploration_pct,avg_distance_to_best,intensification_ratio,avg_exploitation_pct,average_convergence_rate,avg_improvement,success_rate,longest_no_improvement_streak,last_improvement_fraction
AdaptiveDifferentialEvolutionWithGradientBoost,F12022,10,200000,0,300.0000030044106,5.494627237319946,200003,17.361938388819116,267.0023992992607,11.01718353316257,10.962256956540687,0.8877284595300261,88.98281646683743,0.8646765095169672,4593691.703289678,0.16753926701570682,29,0.015706806282722512
AdaptiveDifferentialEvolutionWithGradientBoost,F12022,10,200000,1,300.00000267243064,5.408710718154907,200003,22.35985034075883,277.0685715504718,13.890771706280033,20.061781939916976,0.8407310704960835,86.10922829371997,0.8620981602942717,13938944.64528112,0.17277486910994763,20,0.005235602094240838
AdaptiveDifferentialEvolutionWithGradientBoost,F12022,10,200000,2,300.0000043132954,5.489825963973999,200003,14.45579222890848,271.0363059924101,11.372032806424254,12.08684308421661,0.8642297650130548,88.62796719357574,0.8691069876301819,745201.7746866995,0.14659685863874344,26,0.020942408376963352
AdaptiveDifferentialEvolutionWithGradientBoost,F12022,10,200000,3,300.0000036416872,5.416468381881714,200003,13.749691985735735,312.9719352920337,10.061608302611575,10.926735889504569,0.8668407310704961,89.93839169738843,0.8727474444656483,122504.30636229973,0.1806282722513089,19,0.0
AdaptiveDifferentialEvolutionWithGradientBoost,F12022,10,200000,4,300.00000279415013,5.756239891052246,200004,12.706967225310045,281.4051150724632,13.786149823510417,13.270976797756719,0.8459530026109661,86.21385017648959,0.8817733448583812,2441.0133269889398,0.17801047120418848,27,0.013089005235602094
AdaptiveDifferentialEvolutionWithGradientBoost,F22022,10,200000,0,404.04443566661985,7.300874948501587,200003,11.792669250291153,377.3737329818905,13.047868396816531,5.114532257554245,0.1514360313315927,86.95213160318347,0.8861826388011329,368.5434446971878,0.17539267015706805,30,0.0
AdaptiveDifferentialEvolutionWithGradientBoost,F22022,10,200000,1,408.9161031195569,6.8983848094940186,200003,15.553659400536299,334.06977017015026,32.034042721846625,9.122772305345407,0.6814621409921671,67.96595727815338,0.8835844095377868,1203.224709333467,0.1649214659685864,24,0.02356020942408377
AdaptiveDifferentialEvolutionWithGradientBoost,F22022,10,200000,2,408.91610195105017,6.811225652694702,200000,9.611110183013762,328.9016862523053,5.1287923829876405,3.587043842184934,0.9424083769633508,94.87120761701236,0.8846440132859171,902.6669704845318,0.12335958005249344,71,0.031496062992125984
AdaptiveDifferentialEvolutionWithGradientBoost,F22022,10,200000,3,404.0199053163375,6.9295618534088135,200003,13.574222538342616,335.96619374021316,17.0888891736972,7.0375412536365145,0.206266318537859,82.9111108263028,0.884151387840982,780.6436623074459,0.19895287958115182,32,0.002617801047120419
AdaptiveDifferentialEvolutionWithGradientBoost,F22022,10,200000,4,404.07250972031943,6.909240007400513,200003,12.415961452104526,365.8649589197011,19.13030669698915,8.113197168242293,0.2297650130548303,80.86969330301085,0.8845660502743641,670.2648993815516,0.193717277486911,37,0.002617801047120419
AdaptiveDifferentialEvolutionWithGradientBoost,F32022,10,200000,0,600.0000000000963,11.25264024734497,200003,7.869655725638846,303.1009996258251,3.7913685108891264,1.8964790028719738,0.95822454308094,96.20863148911087,0.9077969556239887,0.0376014419176055,0.17277486910994763,18,0.002617801047120419
AdaptiveDifferentialEvolutionWithGradientBoost,F32022,10,200000,1,600.0000000000612,11.157273292541504,200005,11.810414889334348,351.2585808651175,4.522845222274223,3.8534666726617797,0.9427083333333334,95.47715477772577,0.908425994684524,0.02872225468810054,0.1906005221932115,27,0.010443864229765013
AdaptiveDifferentialEvolutionWithGradientBoost,F32022,10,200000,2,600.0000000000339,11.187469482421875,200004,9.738332966171756,331.25697923237857,4.88317327402,3.852349313818653,0.9321148825065274,95.11682672598,0.9084838752798761,0.027337070558545788,0.17801047120418848,20,0.015706806282722512
AdaptiveDifferentialEvolutionWithGradientBoost,F32022,10,200000,3,600.0000000001281,11.399623155593872,200003,9.361953669471385,318.7090467793321,4.914330208320374,4.9155726601516765,0.9347258485639687,95.08566979167962,0.9080393204636467,0.03028518929038363,0.193717277486911,24,0.013089005235602094
AdaptiveDifferentialEvolutionWithGradientBoost,F32022,10,200000,4,600.0000000000543,12.788572549819946,200006,9.903658605391177,338.8941553951254,4.945523670347923,3.5518348121612764,0.9479166666666666,95.05447632965208,0.9076326937239279,0.043730574995364084,0.17493472584856398,23,0.02349869451697128
AdaptiveDifferentialEvolutionWithGradientBoost,F42022,10,200000,0,858.0,20.172332286834717,200003,68.39931542122685,295.4764493599531,54.496618727144316,122.89116023768248,0.0026109660574412533,45.503381272855684,0.8975702967295746,37.610914779339396,0.013089005235602094,269,0.7041884816753927
AdaptiveDifferentialEvolutionWithGradientBoost,F42022,10,200000,1,863.5556594914295,18.431315422058105,200003,75.1889727139841,250.43145135572465,62.23959927952154,161.94029236597925,0.0026109660574412533,37.76040072047846,0.8980272286744031,38.70698620999295,0.010471204188481676,302,0.06806282722513089
AdaptiveDifferentialEvolutionWithGradientBoost,F42022,10,200000,2,841.8707844957272,17.780317068099976,200003,69.95409380183689,291.0427090320253,54.90197810750577,130.43964366609856,0.0026109660574412533,45.09802189249423,0.8969112504307277,49.79343155294978,0.013089005235602094,299,0.7827225130890052
AdaptiveDifferentialEvolutionWithGradientBoost,F42022,10,200000,3,841.1081799119478,17.685012340545654,200003,63.10157613078265,291.794834222341,50.89898494399691,110.13216699012047,0.0026109660574412533,49.10101505600309,0.8959725204848782,46.427857696329085,0.020942408376963352,164,0.03664921465968586
AdaptiveDifferentialEvolutionWithGradientBoost,F42022,10,200000,4,861.4595808947641,18.902590036392212,200003,68.85114685943859,279.22840077625955,51.38920009132569,127.04578063094735,0.0026109660574412533,48.61079990867431,0.896305660239134,53.70860394214814,0.015706806282722512,223,0.2879581151832461
AdaptiveDifferentialEvolutionWithGradientBoost,F52022,10,200000,0,900.4543240257327,9.55321216583252,200003,13.238375774103407,306.6165440840995,9.00985557842739,7.646858427968727,0.835509138381201,90.99014442157261,0.9024216799313686,0.38077016344313314,0.1649214659685864,26,0.06806282722513089
AdaptiveDifferentialEvolutionWithGradientBoost,F52022,10,200000,1,900.9086480460046,9.437918186187744,200003,15.02948774590693,295.3253540056,7.860343361980694,8.71820461312268,0.8694516971279374,92.1396566380193,0.9017316279500723,0.4795521007908804,0.17539267015706805,27,0.06544502617801047
AdaptiveDifferentialEvolutionWithGradientBoost,F52022,10,200000,2,900.0000000030874,9.375536441802979,200003,16.868739285064247,279.75337295772835,8.928724125992431,8.952724454698998,0.9086161879895561,91.07127587400757,0.9016461730058474,0.4759214700659462,0.18324607329842932,23,0.02617801047120419
AdaptiveDifferentialEvolutionWithGradientBoost,F52022,10,200000,3,900.4543240248147,9.326817750930786,200003,12.935732463981719,271.1087914542342,8.749226957678427,9.049937303821572,0.8903394255874674,91.25077304232157,0.9024278089096758,0.4125235282722119,0.1518324607329843,21,0.002617801047120419
AdaptiveDifferentialEvolutionWithGradientBoost,F52022,10,200000,4,902.636394718606,9.309780359268188,200003,12.038450091301355,305.45229770510554,9.850506812904857,9.379679556975127,0.8642297650130548,90.14949318709515,0.9017675519169938,0.5187661252363263,0.15968586387434555,21,0.049738219895287955
AdaptiveDifferentialEvolutionWithGradientBoost,F62022,10,200000,0,25143.929514187075,10.836500883102417,200003,23.46743333333869,337.7477212671295,36.21440075930353,31.148606356153543,0.04960835509138381,63.78559924069647,0.8550565624693712,458829987.79569966,0.12041884816753927,29,0.013089005235602094
AdaptiveDifferentialEvolutionWithGradientBoost,F62022,10,200000,1,2050.9756770037484,10.774281740188599,200003,21.90235079989789,310.69958651790324,34.34892746321796,31.359521972770327,0.38642297650130547,65.65107253678204,0.8545300709239076,485545325.26802135,0.14397905759162305,35,0.013089005235602094
AdaptiveDifferentialEvolutionWithGradientBoost,F62022,10,200000,2,30967.71938929829,10.773271322250366,200003,17.486409051001658,329.1939623998865,34.29217404993956,17.95882060145104,0.018276762402088774,65.70782595006044,0.857767991116909,110481120.4254138,0.14921465968586387,22,0.049738219895287955
AdaptiveDifferentialEvolutionWithGradientBoost,F62022,10,200000,3,32102.02171406349,10.957711458206177,200006,19.104554405989308,366.9594803567555,39.36499518297539,31.45672700362193,0.5182291666666666,60.63500481702461,0.8545046035531808,810508963.6986887,0.10182767624020887,40,0.010443864229765013
AdaptiveDifferentialEvolutionWithGradientBoost,F62022,10,200000,4,3020.404609231272,11.248124599456787,200003,24.13457734655305,320.26896195896666,55.824184607318735,27.028756136067216,0.17754569190600522,44.175815392681265,0.856100522368387,194747643.65016976,0.17801047120418848,22,0.007853403141361256
AdaptiveDifferentialEvolutionWithGradientBoost,F72022,10,200000,0,2021.0071671846792,112.83551216125488,200004,19.736177982175207,313.06308456024766,27.50349967491441,26.35683065859055,0.6465968586387435,72.49650032508559,0.8851915205789616,881.9952612621645,0.09973753280839895,83,0.2178477690288714
AdaptiveDifferentialEvolutionWithGradientBoost,F72022,10,200000,1,2028.4179272288336,118.86865997314453,200003,20.492107638203404,314.84342727932034,26.935836281395204,40.09352533046825,0.1462140992167102,73.06416371860479,0.8870763624614537,1050.0635668238376,0.041884816753926704,211,0.5523560209424084
AdaptiveDifferentialEvolutionWithGradientBoost,F72022,10,200000,2,2027.556204239012,115.86728644371033,200003,25.546988840212315,294.22492184612247,33.22396103203665,52.78072386219512,0.206266318537859,66.77603896796336,0.8855716818586761,945.1485174748034,0.08900523560209424,72,0.03926701570680628
AdaptiveDifferentialEvolutionWithGradientBoost,F72022,10,200000,3,2024.8630480363643,110.13927245140076,200005,10.442532802308161,334.7552319789608,16.16211262307181,23.607129804383664,0.7890625,83.8378873769282,0.8877916262401059,515.1651309898082,0.07049608355091384,139,0.3629242819843342
AdaptiveDifferentialEvolutionWithGradientBoost,F72022,10,200000,4,2021.0362062297388,109.19802284240723,200005,17.170618334786877,291.54776607758066,25.743090623135352,23.727796808529234,0.6588541666666666,74.25690937686466,0.8865763728719258,587.6159091278407,0.10443864229765012,49,0.10182767624020887
AdaptiveDifferentialEvolutionWithGradientBoost,F82022,10,200000,0,486739.3461849736,152.13294649124146,200003,65.24171747844176,322.049249723013,100.0,281.77258445519453,0.0026109660574412533,0.0,0.8071107465738178,1.317750971453589e+19,0.015706806282722512,255,0.07068062827225131
AdaptiveDifferentialEvolutionWithGradientBoost,F82022,10,200000,1,2220.464237447639,161.58485555648804,200006,28.62989558538812,296.8374109961893,51.047776760054624,69.88518098305731,0.5404699738903395,48.952223239945376,0.8099993716811056,5.940360289633485e+17,0.08900523560209424,67,0.010471204188481676
AdaptiveDifferentialEvolutionWithGradientBoost,F82022,10,200000,2,2222.6188929512823,152.6550054550171,200005,33.63245176133622,300.9593736476097,43.122468988917944,61.37656095923661,0.5338541666666666,56.877531011082056,0.8069459781583548,4.2371271975042314e+18,0.06527415143603134,121,0.06527415143603134
AdaptiveDifferentialEvolutionWithGradientBoost,F82022,10,200000,3,2231541190714224.8,151.86301136016846,200006,37.044341553403925,334.10867594234475,100.0,248.88854809976044,0.002617801047120419,0.0,1.0,0.0,0.0,381,1.0
AdaptiveDifferentialEvolutionWithGradientBoost,F82022,10,200000,4,16615.771716007923,151.48913526535034,200004,23.127274413092266,296.8639659124627,84.7396500191992,389.2852287129812,0.0026109660574412533,15.260349980800797,0.8122509756975852,2.331560236355126e+18,0.007853403141361256,263,0.29581151832460734
AdaptiveDifferentialEvolutionWithGradientBoost,F92022,10,200000,0,2659.0947371685047,31.252931594848633,200003,13.239952804096243,345.7513951561405,48.869748393582675,10.422804718518474,0.4490861618798956,51.130251606417325,0.8914678747606376,36.91600738531946,0.1806282722513089,17,0.0
AdaptiveDifferentialEvolutionWithGradientBoost,F92022,10,200000,1,2659.094347826961,31.64965295791626,200003,15.03751545906856,355.99473018888006,23.435233609882587,10.69924113771907,0.6788511749347258,76.56476639011741,0.8919217731924349,29.536383622979063,0.18586387434554974,20,0.002617801047120419
AdaptiveDifferentialEvolutionWithGradientBoost,F92022,10,200000,2,2659.094373277999,31.89607286453247,200003,14.066651774433995,321.4556667593845,24.870695815050123,7.5512097253819075,0.5535248041775457,75.12930418494987,0.8880607742926961,154.90847837383586,0.18586387434554974,18,0.0
AdaptiveDifferentialEvolutionWithGradientBoost,F92022,10,200000,3,2659.094347770218,31.49338126182556,200003,12.326834100189188,312.8128853955015,16.347025634142046,8.549808853837407,0.6840731070496083,83.65297436585796,0.8878074694060952,194.6794691342017,0.1649214659685864,22,0.002617801047120419
AdaptiveDifferentialEvolutionWithGradientBoost,F92022,10,200000,4,2659.094345392966,32.344128370285034,200003,16.012295231357953,343.9616935473701,30.682143854095536,12.413311829757479,0.5509138381201044,69.31785614590447,0.8910700444189925,46.47318741071532,0.17015706806282724,24,0.020942408376963352
AdaptiveDifferentialEvolutionWithGradientBoost,F102022,10,200000,0,2722.18971910215,32.84317684173584,200015,13.534884375971693,277.903575954429,6.621235996037135,7.50348906491127,0.8675324675324675,93.37876400396287,0.8911646558936293,48.699522467287444,0.1953125,27,0.0078125
AdaptiveDifferentialEvolutionWithGradientBoost,F102022,10,200000,1,2714.496667526262,33.147483587265015,200003,18.63897190816883,295.43689671605665,15.399553476778022,21.280109326231884,0.556135770234987,84.60044652322198,0.8904462918708193,77.39578418009943,0.13350785340314136,78,0.034031413612565446
AdaptiveDifferentialEvolutionWithGradientBoost,F102022,10,200000,2,2745.8234214100457,34.55136704444885,200003,28.739882170990313,263.99134341251823,21.456268456377863,38.25974343453284,0.206266318537859,78.54373154362213,0.8907536614479198,104.83755852890575,0.08638743455497382,242,0.005235602094240838
AdaptiveDifferentialEvolutionWithGradientBoost,F102022,10,200000,3,2772.477431900353,36.057403326034546,200005,12.88588320006835,316.68621224552095,13.33817583921549,17.591630919389296,0.639686684073107,86.6618241607845,0.8921317057595299,27.77940882053037,0.1806282722513089,44,0.007853403141361256
AdaptiveDifferentialEvolutionWithGradientBoost,F102022,10,200000,4,2621.349427486057,34.869271755218506,200003,14.508799348058691,297.69004362615516,8.70917194507879,6.263161580020946,0.9060052219321149,91.2908280549212,0.8903361628051081,66.7444848167756,0.16230366492146597,34,0.013089005235602094
AdaptiveDifferentialEvolutionWithGradientBoost,F112022,10,200000,0,2600.0004510816366,52.012314319610596,200010,9.176246023687568,308.2241828893277,5.60584626553946,3.728432050829416,0.9399477806788512,94.39415373446055,0.888276075391475,130.2047528127499,0.20157068062827224,15,0.03926701570680628
AdaptiveDifferentialEvolutionWithGradientBoost,F112022,10,200000,1,2600.0005607263056,55.788472414016724,200003,11.007464416051688,328.54612998237417,5.884657784759674,4.919784793733849,0.9268929503916449,94.11534221524033,0.8846697362675325,632.3707148729827,0.19633507853403143,27,0.015706806282722512
AdaptiveDifferentialEvolutionWithGradientBoost,F112022,10,200000,2,3476.993362157549,57.49308204650879,200009,9.598983020530696,314.32119575715797,8.290631892483528,5.979279261715798,0.9450261780104712,91.70936810751647,0.8837243759319023,1576.3996658657634,0.10498687664041995,57,0.07611548556430446
AdaptiveDifferentialEvolutionWithGradientBoost,F112022,10,200000,3,2600.000542906778,56.394752502441406,200003,12.344241294768457,327.3700778488154,7.1015292468762,4.004416054245514,0.8877284595300261,92.8984707531238,0.8850319701147287,605.4009035894057,0.17539267015706805,19,0.015706806282722512
AdaptiveDifferentialEvolutionWithGradientBoost,F112022,10,200000,4,2600.0025746486017,61.66661858558655,200003,13.016532475229285,332.0294690700967,11.957807742334465,3.5965947972053542,0.7389033942558747,88.04219225766553,0.8841478875264943,625.4601128824355,0.2486910994764398,19,0.03664921465968586
AdaptiveDifferentialEvolutionWithGradientBoost,F122022,10,200000,0,2864.474417913154,65.17538022994995,200005,8.361643679293712,355.2589068681142,7.7475851914131475,3.326424324701633,0.890625,92.25241480858685,0.8913686513812594,64.82088238676181,0.12010443864229765,39,0.044386422976501305
AdaptiveDifferentialEvolutionWithGradientBoost,F122022,10,200000,1,2868.078737033825,64.13924312591553,200004,8.85418876820433,365.6270619205414,3.4607388591100707,1.6784802404344394,0.95822454308094,96.53926114088993,0.8910076072589206,77.56768999939304,0.10471204188481675,38,0.04450261780104712
AdaptiveDifferentialEvolutionWithGradientBoost,F122022,10,200000,2,2869.891115733625,58.205660820007324,200005,5.660154731838927,329.02493818337337,3.108984874124072,1.3904453250536424,0.9764397905759162,96.89101512587592,0.8906832782082857,66.1640541391646,0.12598425196850394,69,0.05774278215223097
AdaptiveDifferentialEvolutionWithGradientBoost,F122022,10,200000,3,2871.246045276655,57.271000623703,200004,8.653948076036219,381.42493186319234,3.0102150383466664,1.7549668763586612,0.9738219895287958,96.98978496165333,0.888486039596153,254.33637727806075,0.08398950131233596,138,0.11548556430446194
AdaptiveDifferentialEvolutionWithGradientBoost,F122022,10,200000,4,2867.480018550638,57.116629123687744,200005,9.625130542516786,352.97851253448187,4.3120310087795835,3.2610148084907458,0.953125,95.68796899122042,0.8902416162556419,102.99581051044959,0.1227154046997389,51,0.015665796344647518
AdaptiveDifferentialEvolutionWithGradientBoost,F12022,20,1000000,0,300.0000005465649,23.51300287246704,1000015,15.92785069563149,391.7048338030109,13.22101409818978,18.841330624103012,0.7985757884028484,86.77898590181022,0.9513758786556414,3002.8789667023666,0.1364562118126273,109,0.015274949083503055
AdaptiveDifferentialEvolutionWithGradientBoost,F12022,20,1000000,1,300.0000005270366,23.20188283920288,1000029,20.074222471573083,375.77465867563353,10.427178702348375,18.373625703343656,0.8229908443540183,89.57282129765163,0.94207934402073,63938372.55021859,0.09877800407331976,345,0.3513238289205703
AdaptiveDifferentialEvolutionWithGradientBoost,F12022,20,1000000,2,300.0000004781851,22.613117694854736,1000037,18.67895550394979,443.74977994880663,13.544022168737751,19.482231820789654,0.7561728395061729,86.45597783126225,0.945901656542728,485338.1462571479,0.13388259526261587,105,0.10813594232749743
AdaptiveDifferentialEvolutionWithGradientBoost,F12022,20,1000000,3,300.00000064550744,23.006932020187378,1000011,22.16219672650397,381.69310465793336,16.02026232657851,24.933045311919106,0.7074413863404689,83.97973767342148,0.9449521339450424,1975182.4032588291,0.14387755102040817,66,0.0020408163265306124
AdaptiveDifferentialEvolutionWithGradientBoost,F12022,20,1000000,4,300.0000005203537,22.91166090965271,1000040,22.518965153867097,386.90889071767674,12.543682182174619,18.429783915939826,0.8038617886178862,87.45631781782538,0.9493516347120227,28843.732168565562,0.12105798575788403,125,0.1271617497456765
AdaptiveDifferentialEvolutionWithGradientBoost,F22022,20,1000000,0,449.0844902571145,30.699527502059937,1000010,11.13939229441417,436.4994972518454,6.968132276942556,6.969462693154347,0.8680981595092024,93.03186772305745,0.9528889663756935,407.3120467080929,0.1668372569089048,28,0.0030706243602865915
AdaptiveDifferentialEvolutionWithGradientBoost,F22022,20,1000000,1,444.89546943601954,30.300601720809937,1000010,12.134792625019168,446.3563343630049,13.484310628953398,7.773436882793483,0.7443762781186094,86.5156893710466,0.9535473809233961,222.42899379438845,0.1555783009211873,47,0.048106448311156604
AdaptiveDifferentialEvolutionWithGradientBoost,F22022,20,1000000,2,449.08452198518114,31.33929467201233,1000010,13.726117381691243,425.34542604868693,14.626277173083718,8.941508112078207,0.7924335378323109,85.37372282691628,0.9537366901437019,172.97343441959862,0.1647901740020471,28,0.02047082906857728
AdaptiveDifferentialEvolutionWithGradientBoost,F22022,20,1000000,3,444.89546937074607,30.427510738372803,1000017,6.416791917534981,446.76402640316195,3.6402185983689392,4.026085615428956,0.9254341164453525,96.35978140163107,0.9539828866614061,177.23074635157872,0.130879345603272,119,0.006134969325153374
AdaptiveDifferentialEvolutionWithGradientBoost,F22022,20,1000000,4,449.08452198805435,31.40526270866394,1000010,9.408501684886572,432.665204851791,5.125938135391168,5.978915288442858,0.8977505112474438,94.87406186460883,0.9538875716542834,159.07209780671076,0.1535312180143296,24,0.0
AdaptiveDifferentialEvolutionWithGradientBoost,F32022,20,1000000,0,600.0000000000314,52.00932550430298,1000012,9.661170952298008,438.90845276128846,4.011534786661452,5.143641829385445,0.9293756397134084,95.98846521333854,0.9619322665879958,0.05407011835235714,0.11885245901639344,70,0.007172131147540984
AdaptiveDifferentialEvolutionWithGradientBoost,F32022,20,1000000,1,600.000000000019,54.39649200439453,1000003,8.246285672149439,441.4744839026689,3.5210953452106764,4.091741312231871,0.9314928425357873,96.47890465478932,0.9621053166529955,0.04483177538799427,0.12487205731832139,67,0.032753326509723645
AdaptiveDifferentialEvolutionWithGradientBoost,F32022,20,1000000,2,600.0000000000282,53.273967027664185,1000017,11.423208631340128,430.35291274928505,4.169827048285347,4.832439358761217,0.9381338742393509,95.83017295171466,0.9623808367604925,0.04424603905654545,0.12893401015228426,53,0.05380710659898477
AdaptiveDifferentialEvolutionWithGradientBoost,F32022,20,1000000,3,600.000000000022,52.22833824157715,1000038,10.462910849235582,423.94666860731434,3.715102374204592,4.740281521054607,0.936734693877551,96.28489762579541,0.9620861027141817,0.055791483139599946,0.11031664964249234,92,0.010214504596527068
AdaptiveDifferentialEvolutionWithGradientBoost,F32022,20,1000000,4,600.0000000000248,58.59000897407532,1000009,7.246673454841085,424.82190749101835,3.919351035465807,5.114149489334987,0.9364754098360656,96.08064896453419,0.9622833097485515,0.033818222192434404,0.1282051282051282,84,0.08615384615384615
AdaptiveDifferentialEvolutionWithGradientBoost,F42022,20,1000000,0,1021.6849667680522,90.27169585227966,1000010,88.80531729026217,416.22360708243036,50.402639173597294,161.5197235296425,0.0010224948875255625,49.597360826402706,0.9575312412308514,47.95394642675865,0.012282497441146366,461,0.06345957011258956
AdaptiveDifferentialEvolutionWithGradientBoost,F42022,20,1000000,1,1083.4779619243227,84.55284762382507,1000010,83.44570721865848,384.2156589772349,41.7449755493858,149.87392624501186,0.0010224948875255625,58.2550244506142,0.9571723874474297,103.74385445960192,0.008188331627430911,412,0.2671443193449335
AdaptiveDifferentialEvolutionWithGradientBoost,F42022,20,1000000,2,1015.5708332258782,93.31874990463257,1000010,98.2287796258139,359.66587011429556,50.304897767086956,173.2050131362518,0.0010224948875255625,49.695102232913044,0.9576712539922759,62.355826597296044,0.008188331627430911,664,0.6796315250767656
AdaptiveDifferentialEvolutionWithGradientBoost,F42022,20,1000000,3,1030.850757517012,85.14213538169861,1000010,85.82107053428894,425.4667561000334,44.170056588867254,142.62631015318192,0.0010224948875255625,55.829943411132746,0.9571564532668868,60.25427500022623,0.014329580348004094,493,0.5046059365404298
AdaptiveDifferentialEvolutionWithGradientBoost,F42022,20,1000000,4,1050.1552919887183,107.72055053710938,1000010,82.08209042432499,416.9747433725009,44.018301853930495,115.54065234201228,0.0010224948875255625,55.981698146069505,0.9572751052265353,83.03830089014241,0.009211873080859774,810,0.8290685772773797
AdaptiveDifferentialEvolutionWithGradientBoost,F52022,20,1000000,0,900.0000000006374,58.115633726119995,1000028,14.883735187535166,404.3879258863787,6.583938665188555,11.679144938937814,0.9051987767584098,93.41606133481145,0.9597001129452927,0.6373635249463518,0.11428571428571428,50,0.03469387755102041
AdaptiveDifferentialEvolutionWithGradientBoost,F52022,20,1000000,1,902.5431424994599,43.13635969161987,1000010,16.655424392280153,446.3921343941015,8.929044999627479,13.456326601579352,0.6901840490797546,91.07095500037252,0.9596522069858471,0.3721968815490983,0.18219037871033777,31,0.01330603889457523
AdaptiveDifferentialEvolutionWithGradientBoost,F52022,20,1000000,2,905.4045179547459,42.35861539840698,1000010,11.075514779580887,416.84427358764765,6.9971380343086045,8.437781019315231,0.8231083844580777,93.0028619656914,0.9592523094728951,0.809351684971071,0.12589559877175024,44,0.04503582395087001
AdaptiveDifferentialEvolutionWithGradientBoost,F52022,20,1000000,3,900.8124370211241,43.60772514343262,1000017,20.043700138573396,383.1890575957308,9.985807162159222,18.243830456501662,0.8568507157464212,90.01419283784078,0.9595354787018218,0.769192425422307,0.0992835209825998,189,0.0020470829068577278
AdaptiveDifferentialEvolutionWithGradientBoost,F52022,20,1000000,4,900.4543240199138,44.99668526649475,1000011,12.190878698510431,392.7259844162822,5.948561327556784,9.683590237543985,0.8537832310838446,94.05143867244321,0.9596061617613203,0.6090417278684758,0.11668372569089049,46,0.014329580348004094
AdaptiveDifferentialEvolutionWithGradientBoost,F62022,20,1000000,0,119053.20537412023,51.7377495765686,1000010,13.028804548181565,451.6633041919844,7.958721120157533,16.054206563861825,0.8241308793456033,92.04127887984247,0.9393483931988622,2706197126.9987535,0.02968270214943705,384,0.3930399181166837
AdaptiveDifferentialEvolutionWithGradientBoost,F62022,20,1000000,1,109907.73861493284,52.40815782546997,1000010,15.027152378572252,450.79296317199083,17.87229429047344,28.50726776683266,0.049079754601226995,82.12770570952657,0.9400436823898243,828041555.4377059,0.04708290685772774,155,0.033776867963152504
AdaptiveDifferentialEvolutionWithGradientBoost,F62022,20,1000000,2,45408.41299266877,51.073946714401245,1000016,11.725842225573382,440.63988295969347,16.531264893587174,18.922793920343718,0.40816326530612246,83.46873510641282,0.9425883937143368,69448600.11353391,0.0449438202247191,117,0.1195097037793667
AdaptiveDifferentialEvolutionWithGradientBoost,F62022,20,1000000,3,33942.550094923674,51.37967658042908,1000010,13.52515043285385,449.6020657083695,11.789174485924827,20.75736667699143,0.09304703476482618,88.21082551407517,0.9398671263609762,1144061082.9993486,0.04094165813715456,130,0.0511770726714432
AdaptiveDifferentialEvolutionWithGradientBoost,F62022,20,1000000,4,145667.62469393373,53.67135524749756,1000010,10.327229840964357,448.27584357981686,6.08498825428609,14.038400561579897,0.8057259713701431,93.91501174571391,0.9406183736488565,524121461.0294566,0.04094165813715456,148,0.030706243602865915
AdaptiveDifferentialEvolutionWithGradientBoost,F72022,20,1000000,0,2139.0171269152693,962.5950763225555,1000010,47.49701648519955,445.27748563669,39.491515523498805,131.0193436388275,0.003067484662576687,60.508484476501195,0.9529041330873849,3268.37162507421,0.02047082906857728,330,0.00511770726714432
AdaptiveDifferentialEvolutionWithGradientBoost,F72022,20,1000000,1,2043.9792652008007,1123.1055991649628,1000010,40.79079227466519,444.0334735846941,29.984241522261662,93.2296788777458,0.35480572597137017,70.01575847773833,0.9533269330048622,642.0907679085936,0.06755373592630501,184,0.019447287615148412
AdaptiveDifferentialEvolutionWithGradientBoost,F72022,20,1000000,2,2050.902722784405,1133.2544527053833,1000010,30.48897831647864,428.8968334780918,19.778816328490663,50.75267596013022,0.09815950920245399,80.22118367150934,0.9534692257765292,1356.5937494563832,0.027635619242579325,136,0.13920163766632548
AdaptiveDifferentialEvolutionWithGradientBoost,F72022,20,1000000,3,2042.5053080611026,1134.915735244751,1000010,20.726180448978635,426.66957314354437,14.274464768436246,33.13524049863164,0.5777096114519428,85.72553523156375,0.9532306527237957,1870.918367924026,0.0255885363357216,360,0.368474923234391
AdaptiveDifferentialEvolutionWithGradientBoost,F72022,20,1000000,4,2045.3615625809323,1264.2977175712585,1000010,25.606152938838896,451.4502651111428,19.709869273732938,45.624558320302604,0.23415132924335377,80.29013072626707,0.9529437540632997,2324.6402050893244,0.027635619242579325,314,0.08802456499488229
AdaptiveDifferentialEvolutionWithGradientBoost,F82022,20,1000000,0,2265.0687539936725,1654.6672728061676,1000010,71.45425047513388,427.4979151000324,56.46017640593541,229.68112527103432,0.1656441717791411,43.53982359406459,0.920076161437653,1.5327050484347236e+18,0.032753326509723645,243,0.0
AdaptiveDifferentialEvolutionWithGradientBoost,F82022,20,1000000,1,6614.784625867697,1617.3096916675568,1000010,29.92514303868666,461.3876600090974,36.08032333951244,73.1921410659272,0.721881390593047,63.91967666048756,0.920872918663187,5.2634691576528966e+17,0.04094165813715456,304,0.3111566018423746
AdaptiveDifferentialEvolutionWithGradientBoost,F82022,20,1000000,2,3094.713706980449,1576.1555359363556,1000010,102.74722227547045,439.9369731352815,85.64273179055161,310.05641416231873,0.017382413087934562,14.357268209448392,0.9270908461413726,1398751884923809.0,0.021494370522006142,495,0.009211873080859774
AdaptiveDifferentialEvolutionWithGradientBoost,F82022,20,1000000,3,2230.408936577338,1573.59321975708,1000010,34.325766396608635,444.3592113993599,28.126856034199164,58.61308747872038,0.2505112474437628,71.87314396580084,0.9243652474664411,1.86241249226337e+16,0.028659160696008188,480,0.49129989764585463
AdaptiveDifferentialEvolutionWithGradientBoost,F82022,20,1000000,4,2232.3345197094936,1377.0592060089111,1000010,54.09301299776398,445.5567156771922,52.238308109492536,121.18082247694875,0.19325153374233128,47.761691890507464,0.9296327044066988,63249710543478.086,0.032753326509723645,300,0.09825997952917093
AdaptiveDifferentialEvolutionWithGradientBoost,F92022,20,1000000,0,2635.6389605444,152.2954638004303,1000010,12.402014194767027,484.15449547079646,14.31373615175947,11.222777940742652,0.7331288343558282,85.68626384824053,0.95351067285922,319.1367532050595,0.11258955987717502,78,0.07983623336745138
AdaptiveDifferentialEvolutionWithGradientBoost,F92022,20,1000000,1,2635.638938818529,153.67916584014893,1000010,9.75533131127835,439.6575318489855,7.563833317365921,7.520841350796242,0.8098159509202454,92.43616668263408,0.9533733024149199,429.9074419939661,0.09621289662231321,99,0.017400204708290685
AdaptiveDifferentialEvolutionWithGradientBoost,F92022,20,1000000,2,2635.638836643073,153.01975846290588,1000010,9.52738162658751,468.7198894434624,14.527404265728302,4.866353867502938,0.8098159509202454,85.47259573427169,0.953040664810599,383.9809813995605,0.15148413510747186,73,0.07471852610030706
AdaptiveDifferentialEvolutionWithGradientBoost,F92022,20,1000000,3,2635.6388128267367,154.51074409484863,1000010,7.805929892857906,473.5878830284819,5.437214760966518,4.219612031375982,0.8466257668711656,94.56278523903349,0.9540591494792093,181.961143785834,0.11258955987717502,225,0.23029682702149437
AdaptiveDifferentialEvolutionWithGradientBoost,F92022,20,1000000,4,2635.6388338171705,158.1524167060852,1000010,9.77466979081375,439.74667394080734,9.993340208664886,8.426884373812548,0.8302658486707567,90.00665979133511,0.953051003144162,435.8920899209872,0.13203684749232344,83,0.0849539406345957
AdaptiveDifferentialEvolutionWithGradientBoost,F102022,20,1000000,0,6699.552368228094,162.08146977424622,1000010,129.0896459230556,413.63058189496996,75.72313934838724,276.3913701172717,0.0010224948875255625,24.276860651612765,0.9555423012940587,626.8628273805305,0.007164790174002047,552,0.3500511770726714
AdaptiveDifferentialEvolutionWithGradientBoost,F102022,20,1000000,1,2804.331617198756,160.40795421600342,1000010,16.955670628471946,405.80038069397847,11.96632618737668,15.856215104044725,0.8374233128834356,88.03367381262332,0.9550157496746086,77.51342807052991,0.0992835209825998,155,0.033776867963152504
AdaptiveDifferentialEvolutionWithGradientBoost,F102022,20,1000000,2,6089.941513187074,161.42423582077026,1000010,155.58690682535826,407.2547614137108,83.54363933299503,311.80538084643365,0.0010224948875255625,16.456360667004972,0.9556724093281217,768.2992360400604,0.00511770726714432,707,0.0767656090071648
AdaptiveDifferentialEvolutionWithGradientBoost,F102022,20,1000000,3,6693.968643635852,161.48363041877747,1000010,118.46872794385605,434.96502697647344,70.6834314945394,207.9370165929593,0.002044989775051125,29.316568505460594,0.956307540557871,334.5438770514991,0.006141248720573183,631,0.6458546571136131
AdaptiveDifferentialEvolutionWithGradientBoost,F102022,20,1000000,4,6723.488747348504,173.46198177337646,1000010,125.97766180383606,417.28216637025923,72.7671834743993,237.9005920633762,0.0010224948875255625,27.232816525600697,0.9556118509345467,314.3728399251134,0.01330603889457523,267,0.16069600818833163
AdaptiveDifferentialEvolutionWithGradientBoost,F112022,20,1000000,0,2600.000224658724,249.06965517997742,1000033,11.259005034253924,409.99293662312584,6.779481986071409,8.49806254884896,0.8698770491803278,93.2205180139286,0.9543296452042487,104.69157866691553,0.13538461538461538,88,0.09025641025641026
AdaptiveDifferentialEvolutionWithGradientBoost,F112022,20,1000000,1,2600.000208017262,256.7693564891815,1000005,14.171176107679486,390.8212484266739,13.674317809132045,7.710317768494153,0.854526958290946,86.32568219086795,0.9518875319409772,1719.7458459682732,0.14052953156822812,135,0.1109979633401222
AdaptiveDifferentialEvolutionWithGradientBoost,F112022,20,1000000,2,2600.0002226968513,261.17601680755615,1000004,12.734977501666052,387.88437105980785,6.677795889433491,7.151038363614342,0.8778004073319755,93.3222041105665,0.9510378832021019,4048.3418556477554,0.1365953109072375,138,0.07951070336391437
AdaptiveDifferentialEvolutionWithGradientBoost,F112022,20,1000000,3,2600.000224291264,293.81368494033813,1000034,13.61420570789164,402.00334755147514,15.464213169808199,8.850472564989303,0.8253319713993871,84.5357868301918,0.9520187326239641,1098.5388665033392,0.15848670756646216,117,0.002044989775051125
AdaptiveDifferentialEvolutionWithGradientBoost,F112022,20,1000000,4,2600.0001894619454,256.8895697593689,1000034,12.83729846653365,413.35723449045827,8.938211036062096,6.7700843981951655,0.849746192893401,91.0617889639379,0.9507916519998478,5497.741609974325,0.15040650406504066,147,0.14939024390243902
AdaptiveDifferentialEvolutionWithGradientBoost,F122022,20,1000000,0,2946.002148083263,290.34925150871277,1000010,6.824685283494151,448.58798849591415,3.5717819404291147,3.327258216824629,0.9458077709611452,96.42821805957088,0.9550542809393197,83.0827081964764,0.08904810644831115,87,0.07983623336745138
AdaptiveDifferentialEvolutionWithGradientBoost,F122022,20,1000000,1,2996.2812626358286,307.22611451148987,1000011,5.765814319093815,455.600127146178,2.8373526043567177,2.7870379976039055,0.9519427402862985,97.16264739564328,0.9554545526950435,74.99924233942718,0.06550665301944729,140,0.14329580348004095
AdaptiveDifferentialEvolutionWithGradientBoost,F122022,20,1000000,2,2948.186830308203,329.4184513092041,1000010,5.414108081956946,467.389170938416,5.279337321586733,3.052801185429984,0.9539877300613497,94.72066267841326,0.9557307785367594,35.135717611884004,0.10542476970317298,99,0.10133060388945753
AdaptiveDifferentialEvolutionWithGradientBoost,F122022,20,1000000,3,2980.9490426339407,298.21441984176636,1000010,5.026021335859561,484.3362487788207,2.8737273164089534,3.4645644774270226,0.943762781186094,97.12627268359104,0.956623517914897,24.225888523967207,0.06141248720573183,179,0.12077789150460594
AdaptiveDifferentialEvolutionWithGradientBoost,F122022,20,1000000,4,2970.6519991667133,275.1689336299896,1000010,5.790284884780883,455.02153720317807,3.704128444897672,3.030032810883424,0.9519427402862985,96.29587155510232,0.955981150967438,43.7789589243779,0.06550665301944729,185,0.11770726714431934
